"SpcRecID","Scientific name","English name","Family","Global IUCN Red List Category"
"308","Numida meleagris","Helmeted Guineafowl","Numididae (Guineafowl)","LC"
"194","Coturnix coturnix","Common Quail","Phasianidae (Pheasants, Partridges, Turkeys, Grouse)","LC"
"199","Coturnix delegorguei","Harlequin Quail","Phasianidae (Pheasants, Partridges, Turkeys, Grouse)","LC"
"133","Tetraogallus caspius","Caspian Snowcock","Phasianidae (Pheasants, Partridges, Turkeys, Grouse)","LC"
"140","Alectoris chukar","Chukar","Phasianidae (Pheasants, Partridges, Turkeys, Grouse)","LC"
"141","Alectoris philbyi","Philby's Partridge","Phasianidae (Pheasants, Partridges, Turkeys, Grouse)","LC"
"145","Alectoris melanocephala","Arabian Partridge","Phasianidae (Pheasants, Partridges, Turkeys, Grouse)","LC"
"130","Ammoperdix griseogularis","See-see Partridge","Phasianidae (Pheasants, Partridges, Turkeys, Grouse)","LC"
"131","Ammoperdix heyi","Sand Partridge","Phasianidae (Pheasants, Partridges, Turkeys, Grouse)","LC"
"146","Francolinus francolinus","Black Francolin","Phasianidae (Pheasants, Partridges, Turkeys, Grouse)","LC"
"149","Francolinus pondicerianus","Grey Francolin","Phasianidae (Pheasants, Partridges, Turkeys, Grouse)","LC"
"1016870","Phasianus colchicus","Common Pheasant","Phasianidae (Pheasants, Partridges, Turkeys, Grouse)","LC"
"188","Perdix perdix","Grey Partridge","Phasianidae (Pheasants, Partridges, Turkeys, Grouse)","LC"
"294","Lyrurus mlokosiewiczi","Caucasian Grouse","Phasianidae (Pheasants, Partridges, Turkeys, Grouse)","NT"
"359","Oxyura leucocephala","White-headed Duck","Anatidae (Ducks, Geese, Swans)","EN"
"366","Cygnus olor","Mute Swan","Anatidae (Ducks, Geese, Swans)","LC"
"369","Cygnus cygnus","Whooper Swan","Anatidae (Ducks, Geese, Swans)","LC"
"371","Cygnus columbianus","Tundra Swan","Anatidae (Ducks, Geese, Swans)","LC"
"387","Branta ruficollis","Red-breasted Goose","Anatidae (Ducks, Geese, Swans)","VU"
"378","Anser anser","Greylag Goose","Anatidae (Ducks, Geese, Swans)","LC"
"375","Anser fabalis","Bean Goose","Anatidae (Ducks, Geese, Swans)","LC"
"376","Anser albifrons","Greater White-fronted Goose","Anatidae (Ducks, Geese, Swans)","LC"
"377","Anser erythropus","Lesser White-fronted Goose","Anatidae (Ducks, Geese, Swans)","VU"
"490","Clangula hyemalis","Long-tailed Duck","Anatidae (Ducks, Geese, Swans)","VU"
"112636","Melanitta fusca","Velvet Scoter","Anatidae (Ducks, Geese, Swans)","VU"
"112634","Melanitta nigra","Common Scoter","Anatidae (Ducks, Geese, Swans)","LC"
"494","Bucephala clangula","Common Goldeneye","Anatidae (Ducks, Geese, Swans)","LC"
"497","Mergellus albellus","Smew","Anatidae (Ducks, Geese, Swans)","LC"
"502","Mergus merganser","Goosander","Anatidae (Ducks, Geese, Swans)","LC"
"500","Mergus serrator","Red-breasted Merganser","Anatidae (Ducks, Geese, Swans)","LC"
"396","Alopochen aegyptiaca","Egyptian Goose","Anatidae (Ducks, Geese, Swans)","LC"
"402","Tadorna tadorna","Common Shelduck","Anatidae (Ducks, Geese, Swans)","LC"
"397","Tadorna ferruginea","Ruddy Shelduck","Anatidae (Ducks, Geese, Swans)","LC"
"467","Marmaronetta angustirostris","Marbled Teal","Anatidae (Ducks, Geese, Swans)","VU"
"469","Netta rufina","Red-crested Pochard","Anatidae (Ducks, Geese, Swans)","LC"
"472","Aythya ferina","Common Pochard","Anatidae (Ducks, Geese, Swans)","VU"
"476","Aythya nyroca","Ferruginous Duck","Anatidae (Ducks, Geese, Swans)","NT"
"480","Aythya fuligula","Tufted Duck","Anatidae (Ducks, Geese, Swans)","LC"
"482","Aythya marila","Greater Scaup","Anatidae (Ducks, Geese, Swans)","LC"
"460","Spatula querquedula","Garganey","Anatidae (Ducks, Geese, Swans)","LC"
"448","Spatula clypeata","Northern Shoveler","Anatidae (Ducks, Geese, Swans)","LC"
"427","Mareca strepera","Gadwall","Anatidae (Ducks, Geese, Swans)","LC"
"429","Mareca penelope","Eurasian Wigeon","Anatidae (Ducks, Geese, Swans)","LC"
"435","Anas platyrhynchos","Mallard","Anatidae (Ducks, Geese, Swans)","LC"
"457","Anas acuta","Northern Pintail","Anatidae (Ducks, Geese, Swans)","LC"
"462","Anas crecca","Common Teal","Anatidae (Ducks, Geese, Swans)","LC"
"3628","Tachybaptus ruficollis","Little Grebe","Podicipedidae (Grebes)","LC"
"3638","Podiceps grisegena","Red-necked Grebe","Podicipedidae (Grebes)","LC"
"3639","Podiceps cristatus","Great Crested Grebe","Podicipedidae (Grebes)","LC"
"3640","Podiceps auritus","Horned Grebe","Podicipedidae (Grebes)","VU"
"3641","Podiceps nigricollis","Black-necked Grebe","Podicipedidae (Grebes)","LC"
"3769","Phoenicopterus roseus","Greater Flamingo","Phoenicopteridae (Flamingos)","LC"
"3771","Phoeniconaias minor","Lesser Flamingo","Phoenicopteridae (Flamingos)","NT"
"3648","Phaethon aethereus","Red-billed Tropicbird","Phaethontidae (Tropicbirds)","LC"
"2444","Columba livia","Rock Dove","Columbidae (Pigeons, Doves)","LC"
"2449","Columba oenas","Stock Dove","Columbidae (Pigeons, Doves)","LC"
"2451","Columba eversmanni","Yellow-eyed Pigeon","Columbidae (Pigeons, Doves)","VU"
"2452","Columba palumbus","Common Woodpigeon","Columbidae (Pigeons, Doves)","LC"
"2459","Columba arquatrix","African Olive-pigeon","Columbidae (Pigeons, Doves)","LC"
"2498","Streptopelia turtur","European Turtle-dove","Columbidae (Pigeons, Doves)","VU"
"2500","Streptopelia lugens","Dusky Turtle-dove","Columbidae (Pigeons, Doves)","LC"
"2501","Streptopelia orientalis","Oriental Turtle-dove","Columbidae (Pigeons, Doves)","LC"
"1016754","Streptopelia decaocto","Eurasian Collared-dove","Columbidae (Pigeons, Doves)","LC"
"2510","Streptopelia roseogrisea","African Collared-dove","Columbidae (Pigeons, Doves)","LC"
"2508","Streptopelia semitorquata","Red-eyed Dove","Columbidae (Pigeons, Doves)","LC"
"2502","Spilopelia senegalensis","Laughing Dove","Columbidae (Pigeons, Doves)","LC"
"2533","Oena capensis","Namaqua Dove","Columbidae (Pigeons, Doves)","LC"
"2643","Treron waalia","Bruce's Green-pigeon","Columbidae (Pigeons, Doves)","LC"
"2964","Pterocles orientalis","Black-bellied Sandgrouse","Pteroclidae (Sandgrouse)","LC"
"2961","Pterocles exustus","Chestnut-bellied Sandgrouse","Pteroclidae (Sandgrouse)","LC"
"2962","Pterocles senegallus","Spotted Sandgrouse","Pteroclidae (Sandgrouse)","LC"
"2965","Pterocles coronatus","Crowned Sandgrouse","Pteroclidae (Sandgrouse)","LC"
"2959","Pterocles alchata","Pin-tailed Sandgrouse","Pteroclidae (Sandgrouse)","LC"
"2971","Pterocles lichtensteinii","Lichtenstein's Sandgrouse","Pteroclidae (Sandgrouse)","LC"
"2401","Caprimulgus europaeus","European Nightjar","Caprimulgidae (Nightjars)","LC"
"2404","Caprimulgus aegyptius","Egyptian Nightjar","Caprimulgidae (Nightjars)","LC"
"2405","Caprimulgus mahrattensis","Sykes's Nightjar","Caprimulgidae (Nightjars)","LC"
"2407","Caprimulgus nubicus","Nubian Nightjar","Caprimulgidae (Nightjars)","LC"
"31094","Caprimulgus poliocephalus","Montane Nightjar","Caprimulgidae (Nightjars)","LC"
"2420","Caprimulgus asiaticus","Indian Nightjar","Caprimulgidae (Nightjars)","LC"
"2422","Caprimulgus inornatus","Plain Nightjar","Caprimulgidae (Nightjars)","LC"
"1099010","Cypsiurus parvus","African Palm-swift","Apodidae (Swifts)","LC"
"1773","Tachymarptis melba","Alpine Swift","Apodidae (Swifts)","LC"
"1787","Apus affinis","Little Swift","Apodidae (Swifts)","LC"
"1782","Apus berliozi","Forbes-Watson's Swift","Apodidae (Swifts)","LC"
"1779","Apus pallidus","Pallid Swift","Apodidae (Swifts)","LC"
"1776","Apus apus","Common Swift","Apodidae (Swifts)","LC"
"1296","Centropus superciliosus","White-browed Coucal","Cuculidae (Cuckoos)","LC"
"1192","Clamator jacobinus","Jacobin Cuckoo","Cuculidae (Cuckoos)","LC"
"1195","Clamator glandarius","Great Spotted Cuckoo","Cuculidae (Cuckoos)","LC"
"1241","Eudynamys scolopaceus","Western Koel","Cuculidae (Cuckoos)","LC"
"1235","Chrysococcyx klaas","Klaas's Cuckoo","Cuculidae (Cuckoos)","LC"
"1237","Chrysococcyx caprius","Diederik Cuckoo","Cuculidae (Cuckoos)","LC"
"1205","Cuculus canorus","Common Cuckoo","Cuculidae (Cuckoos)","LC"
"1016504","Rallus aquaticus","Western Water Rail","Rallidae (Rails, Gallinules, Coots)","LC"
"2878","Crex crex","Corncrake","Rallidae (Rails, Gallinules, Coots)","LC"
"2903","Porzana porzana","Spotted Crake","Rallidae (Rails, Gallinules, Coots)","LC"
"2900","Zapornia parva","Little Crake","Rallidae (Rails, Gallinules, Coots)","LC"
"2901","Zapornia pusilla","Baillon's Crake","Rallidae (Rails, Gallinules, Coots)","LC"
"2896","Amaurornis phoenicurus","White-breasted Waterhen","Rallidae (Rails, Gallinules, Coots)","LC"
"2927","Porphyrio porphyrio","Purple Swamphen","Rallidae (Rails, Gallinules, Coots)","LC"
"1017062","Gallinula chloropus","Common Moorhen","Rallidae (Rails, Gallinules, Coots)","LC"
"2944","Fulica atra","Common Coot","Rallidae (Rails, Gallinules, Coots)","LC"
"2786","Leucogeranus leucogeranus","Siberian Crane","Gruidae (Cranes)","CR"
"2791","Anthropoides virgo","Demoiselle Crane","Gruidae (Cranes)","LC"
"2794","Grus grus","Common Crane","Gruidae (Cranes)","LC"
"2759","Tetrax tetrax","Little Bustard","Otididae (Bustards)","NT"
"2760","Otis tarda","Great Bustard","Otididae (Bustards)","VU"
"32131","Chlamydotis macqueenii","Asian Houbara","Otididae (Bustards)","VU"
"2765","Ardeotis arabs","Arabian Bustard","Otididae (Bustards)","NT"
"3865","Gavia stellata","Red-throated Loon","Gaviidae (Loons/Divers)","LC"
"3866","Gavia arctica","Arctic Loon","Gaviidae (Loons/Divers)","LC"
"3969","Oceanites oceanicus","Wilson's Storm-petrel","Oceanitidae (Southern Storm-petrels)","LC"
"3972","Pelagodroma marina","White-faced Storm-petrel","Oceanitidae (Southern Storm-petrels)","LC"
"3973","Fregetta tropica","Black-bellied Storm-petrel","Oceanitidae (Southern Storm-petrels)","LC"
"1018415","Hydrobates leucorhous","Leach's Storm-petrel","Hydrobatidae (Northern Storm-petrels)","VU"
"3981","Hydrobates monorhis","Swinhoe's Storm-petrel","Hydrobatidae (Northern Storm-petrels)","NT"
"3928","Ardenna pacifica","Wedge-tailed Shearwater","Procellariidae (Petrels, Shearwaters)","LC"
"3933","Ardenna grisea","Sooty Shearwater","Procellariidae (Petrels, Shearwaters)","NT"
"3930","Ardenna carneipes","Flesh-footed Shearwater","Procellariidae (Petrels, Shearwaters)","NT"
"1016863","Calonectris diomedea","Scopoli's Shearwater","Procellariidae (Petrels, Shearwaters)","LC"
"3945","Puffinus persicus","Persian Shearwater","Procellariidae (Petrels, Shearwaters)","LC"
"3937","Puffinus yelkouan","Yelkouan Shearwater","Procellariidae (Petrels, Shearwaters)","VU"
"3921","Bulweria fallax","Jouanin's Petrel","Procellariidae (Petrels, Shearwaters)","NT"
"3830","Ciconia nigra","Black Stork","Ciconiidae (Storks)","LC"
"3831","Ciconia abdimii","Abdim's Stork","Ciconiidae (Storks)","LC"
"3835","Ciconia ciconia","White Stork","Ciconiidae (Storks)","LC"
"3804","Platalea alba","African Spoonbill","Threskiornithidae (Ibises, Spoonbills)","LC"
"3802","Platalea leucorodia","Eurasian Spoonbill","Threskiornithidae (Ibises, Spoonbills)","LC"
"3794","Threskiornis aethiopicus","African Sacred Ibis","Threskiornithidae (Ibises, Spoonbills)","LC"
"3791","Geronticus eremita","Northern Bald Ibis","Threskiornithidae (Ibises, Spoonbills)","EN"
"3777","Plegadis falcinellus","Glossy Ibis","Threskiornithidae (Ibises, Spoonbills)","LC"
"3766","Botaurus stellaris","Eurasian Bittern","Ardeidae (Herons)","LC"
"32572","Ixobrychus minutus","Common Little Bittern","Ardeidae (Herons)","LC"
"3757","Ixobrychus sinensis","Yellow Bittern","Ardeidae (Herons)","LC"
"3742","Nycticorax nycticorax","Black-crowned Night-heron","Ardeidae (Herons)","LC"
"1016802","Butorides striata","Green-backed Heron","Ardeidae (Herons)","LC"
"3731","Ardeola ralloides","Squacco Heron","Ardeidae (Herons)","LC"
"3732","Ardeola grayii","Indian Pond-heron","Ardeidae (Herons)","LC"
"3730","Bubulcus ibis","Cattle Egret","Ardeidae (Herons)","LC"
"3715","Ardea cinerea","Grey Heron","Ardeidae (Herons)","LC"
"3720","Ardea melanocephala","Black-headed Heron","Ardeidae (Herons)","LC"
"3722","Ardea goliath","Goliath Heron","Ardeidae (Herons)","LC"
"3725","Ardea purpurea","Purple Heron","Ardeidae (Herons)","LC"
"3728","Ardea alba","Great White Egret","Ardeidae (Herons)","LC"
"1016839","Egretta garzetta","Little Egret","Ardeidae (Herons)","LC"
"31022","Egretta gularis","Western Reef-egret","Ardeidae (Herons)","LC"
"3768","Scopus umbretta","Hamerkop","Scopidae (Hamerkop)","LC"
"3811","Pelecanus crispus","Dalmatian Pelican","Pelecanidae (Pelicans)","NT"
"3810","Pelecanus rufescens","Pink-backed Pelican","Pelecanidae (Pelicans)","LC"
"3809","Pelecanus onocrotalus","Great White Pelican","Pelecanidae (Pelicans)","LC"
"3652","Morus bassanus","Northern Gannet","Sulidae (Gannets, Boobies)","LC"
"3659","Sula leucogaster","Brown Booby","Sulidae (Gannets, Boobies)","LC"
"32652","Sula dactylatra","Masked Booby","Sulidae (Gannets, Boobies)","LC"
"3666","Microcarbo pygmaeus","Pygmy Cormorant","Phalacrocoracidae (Cormorants)","LC"
"3679","Phalacrocorax carbo","Great Cormorant","Phalacrocoracidae (Cormorants)","LC"
"3681","Phalacrocorax nigrogularis","Socotra Cormorant","Phalacrocoracidae (Cormorants)","VU"
"3661","Anhinga rufa","African Darter","Anhingidae (Darters)","LC"
"1016871","Burhinus oedicnemus","Eurasian Thick-knee","Burhinidae (Thick-knees)","LC"
"3082","Burhinus capensis","Spotted Thick-knee","Burhinidae (Thick-knees)","LC"
"3086","Esacus recurvirostris","Great Thick-knee","Burhinidae (Thick-knees)","NT"
"3088","Haematopus ostralegus","Eurasian Oystercatcher","Haematopodidae (Oystercatchers)","NT"
"3107","Recurvirostra avosetta","Pied Avocet","Recurvirostridae (Avocets, Stilts)","LC"
"1016812","Himantopus himantopus","Black-winged Stilt","Recurvirostridae (Avocets, Stilts)","LC"
"3114","Pluvialis squatarola","Grey Plover","Charadriidae (Plovers)","LC"
"3111","Pluvialis apricaria","Eurasian Golden Plover","Charadriidae (Plovers)","LC"
"3112","Pluvialis fulva","Pacific Golden Plover","Charadriidae (Plovers)","LC"
"3147","Eudromias morinellus","Eurasian Dotterel","Charadriidae (Plovers)","LC"
"3116","Charadrius hiaticula","Common Ringed Plover","Charadriidae (Plovers)","LC"
"3119","Charadrius dubius","Little Ringed Plover","Charadriidae (Plovers)","LC"
"1016711","Charadrius alexandrinus","Kentish Plover","Charadriidae (Plovers)","LC"
"3138","Charadrius mongolus","Lesser Sandplover","Charadriidae (Plovers)","LC"
"3139","Charadrius leschenaultii","Greater Sandplover","Charadriidae (Plovers)","LC"
"3140","Charadrius asiaticus","Caspian Plover","Charadriidae (Plovers)","LC"
"3153","Vanellus vanellus","Northern Lapwing","Charadriidae (Plovers)","NT"
"3160","Vanellus spinosus","Spur-winged Lapwing","Charadriidae (Plovers)","LC"
"3165","Vanellus indicus","Red-wattled Lapwing","Charadriidae (Plovers)","LC"
"3172","Vanellus gregarius","Sociable Lapwing","Charadriidae (Plovers)","CR"
"3173","Vanellus leucurus","White-tailed Lapwing","Charadriidae (Plovers)","LC"
"32580","Rostratula benghalensis","Greater Painted-snipe","Rostratulidae (Painted-snipes)","LC"
"3072","Hydrophasianus chirurgus","Pheasant-tailed Jacana","Jacanidae (Jacanas)","LC"
"3009","Numenius phaeopus","Whimbrel","Scolopacidae (Sandpipers, Snipes, Phalaropes)","LC"
"3011","Numenius tenuirostris","Slender-billed Curlew","Scolopacidae (Sandpipers, Snipes, Phalaropes)","CR"
"3012","Numenius arquata","Eurasian Curlew","Scolopacidae (Sandpipers, Snipes, Phalaropes)","NT"
"3005","Limosa lapponica","Bar-tailed Godwit","Scolopacidae (Sandpipers, Snipes, Phalaropes)","NT"
"3003","Limosa limosa","Black-tailed Godwit","Scolopacidae (Sandpipers, Snipes, Phalaropes)","NT"
"3034","Arenaria interpres","Ruddy Turnstone","Scolopacidae (Sandpipers, Snipes, Phalaropes)","LC"
"3040","Calidris tenuirostris","Great Knot","Scolopacidae (Sandpipers, Snipes, Phalaropes)","EN"
"3041","Calidris canutus","Red Knot","Scolopacidae (Sandpipers, Snipes, Phalaropes)","NT"
"3062","Calidris pugnax","Ruff","Scolopacidae (Sandpipers, Snipes, Phalaropes)","LC"
"3061","Calidris falcinellus","Broad-billed Sandpiper","Scolopacidae (Sandpipers, Snipes, Phalaropes)","LC"
"3057","Calidris ferruginea","Curlew Sandpiper","Scolopacidae (Sandpipers, Snipes, Phalaropes)","NT"
"3047","Calidris temminckii","Temminck's Stint","Scolopacidae (Sandpipers, Snipes, Phalaropes)","LC"
"3048","Calidris subminuta","Long-toed Stint","Scolopacidae (Sandpipers, Snipes, Phalaropes)","LC"
"3042","Calidris alba","Sanderling","Scolopacidae (Sandpipers, Snipes, Phalaropes)","LC"
"3056","Calidris alpina","Dunlin","Scolopacidae (Sandpipers, Snipes, Phalaropes)","LC"
"3045","Calidris minuta","Little Stint","Scolopacidae (Sandpipers, Snipes, Phalaropes)","LC"
"2978","Scolopax rusticola","Eurasian Woodcock","Scolopacidae (Sandpipers, Snipes, Phalaropes)","LC"
"2984","Gallinago solitaria","Solitary Snipe","Scolopacidae (Sandpipers, Snipes, Phalaropes)","LC"
"2987","Gallinago stenura","Pintail Snipe","Scolopacidae (Sandpipers, Snipes, Phalaropes)","LC"
"2989","Gallinago media","Great Snipe","Scolopacidae (Sandpipers, Snipes, Phalaropes)","NT"
"2990","Gallinago gallinago","Common Snipe","Scolopacidae (Sandpipers, Snipes, Phalaropes)","LC"
"3000","Lymnocryptes minimus","Jack Snipe","Scolopacidae (Sandpipers, Snipes, Phalaropes)","LC"
"3064","Phalaropus lobatus","Red-necked Phalarope","Scolopacidae (Sandpipers, Snipes, Phalaropes)","LC"
"3065","Phalaropus fulicarius","Red Phalarope","Scolopacidae (Sandpipers, Snipes, Phalaropes)","LC"
"3026","Xenus cinereus","Terek Sandpiper","Scolopacidae (Sandpipers, Snipes, Phalaropes)","LC"
"3027","Actitis hypoleucos","Common Sandpiper","Scolopacidae (Sandpipers, Snipes, Phalaropes)","LC"
"3024","Tringa ochropus","Green Sandpiper","Scolopacidae (Sandpipers, Snipes, Phalaropes)","LC"
"3016","Tringa erythropus","Spotted Redshank","Scolopacidae (Sandpipers, Snipes, Phalaropes)","LC"
"3019","Tringa nebularia","Common Greenshank","Scolopacidae (Sandpipers, Snipes, Phalaropes)","LC"
"3017","Tringa totanus","Common Redshank","Scolopacidae (Sandpipers, Snipes, Phalaropes)","LC"
"3025","Tringa glareola","Wood Sandpiper","Scolopacidae (Sandpipers, Snipes, Phalaropes)","LC"
"3018","Tringa stagnatilis","Marsh Sandpiper","Scolopacidae (Sandpipers, Snipes, Phalaropes)","LC"
"504","Turnix sylvaticus","Common Buttonquail","Turnicidae (Buttonquails)","LC"
"3177","Dromas ardeola","Crab-plover","Dromadidae (Crab-plover)","LC"
"32586","Cursorius cursor","Cream-coloured Courser","Glareolidae (Coursers, Pratincoles)","LC"
"3187","Glareola pratincola","Collared Pratincole","Glareolidae (Coursers, Pratincoles)","LC"
"3189","Glareola nordmanni","Black-winged Pratincole","Glareolidae (Coursers, Pratincoles)","NT"
"3193","Glareola lactea","Little Pratincole","Glareolidae (Coursers, Pratincoles)","LC"
"3294","Anous stolidus","Brown Noddy","Laridae (Gulls, Terns, Skimmers)","LC"
"3296","Anous tenuirostris","Lesser Noddy","Laridae (Gulls, Terns, Skimmers)","LC"
"3250","Hydrocoloeus minutus","Little Gull","Laridae (Gulls, Terns, Skimmers)","LC"
"3241","Larus genei","Slender-billed Gull","Laridae (Gulls, Terns, Skimmers)","LC"
"3240","Larus ridibundus","Black-headed Gull","Laridae (Gulls, Terns, Skimmers)","LC"
"3232","Larus ichthyaetus","Pallas's Gull","Laridae (Gulls, Terns, Skimmers)","LC"
"3245","Larus melanocephalus","Mediterranean Gull","Laridae (Gulls, Terns, Skimmers)","LC"
"3215","Larus hemprichii","Sooty Gull","Laridae (Gulls, Terns, Skimmers)","LC"
"3214","Larus leucophthalmus","White-eyed Gull","Laridae (Gulls, Terns, Skimmers)","LC"
"3216","Larus canus","Mew Gull","Laridae (Gulls, Terns, Skimmers)","LC"
"3231","Larus fuscus","Lesser Black-backed Gull","Laridae (Gulls, Terns, Skimmers)","LC"
"3228","Larus armenicus","Armenian Gull","Laridae (Gulls, Terns, Skimmers)","NT"
"1017055","Larus michahellis","Yellow-legged Gull","Laridae (Gulls, Terns, Skimmers)","LC"
"32603","Larus cachinnans","Caspian Gull","Laridae (Gulls, Terns, Skimmers)","LC"
"3220","Larus marinus","Great Black-backed Gull","Laridae (Gulls, Terns, Skimmers)","LC"
"3288","Onychoprion fuscatus","Sooty Tern","Laridae (Gulls, Terns, Skimmers)","LC"
"3287","Onychoprion anaethetus","Bridled Tern","Laridae (Gulls, Terns, Skimmers)","LC"
"3276","Sternula albifrons","Little Tern","Laridae (Gulls, Terns, Skimmers)","LC"
"3277","Sternula saundersi","Saunders's Tern","Laridae (Gulls, Terns, Skimmers)","LC"
"1016873","Gelochelidon nilotica","Common Gull-billed Tern","Laridae (Gulls, Terns, Skimmers)","LC"
"3258","Hydroprogne caspia","Caspian Tern","Laridae (Gulls, Terns, Skimmers)","LC"
"3290","Chlidonias hybrida","Whiskered Tern","Laridae (Gulls, Terns, Skimmers)","LC"
"3291","Chlidonias leucopterus","White-winged Tern","Laridae (Gulls, Terns, Skimmers)","LC"
"3292","Chlidonias niger","Black Tern","Laridae (Gulls, Terns, Skimmers)","LC"
"3266","Sterna dougallii","Roseate Tern","Laridae (Gulls, Terns, Skimmers)","LC"
"3270","Sterna hirundo","Common Tern","Laridae (Gulls, Terns, Skimmers)","LC"
"3283","Sterna repressa","White-cheeked Tern","Laridae (Gulls, Terns, Skimmers)","LC"
"3262","Thalasseus bengalensis","Lesser Crested Tern","Laridae (Gulls, Terns, Skimmers)","LC"
"3265","Thalasseus sandvicensis","Sandwich Tern","Laridae (Gulls, Terns, Skimmers)","LC"
"3263","Thalasseus bergii","Greater Crested Tern","Laridae (Gulls, Terns, Skimmers)","LC"
"3202","Stercorarius longicaudus","Long-tailed Jaeger","Stercorariidae (Skuas)","LC"
"3201","Stercorarius parasiticus","Arctic Jaeger","Stercorariidae (Skuas)","LC"
"3200","Stercorarius pomarinus","Pomarine Jaeger","Stercorariidae (Skuas)","LC"
"2155","Tyto alba","Common Barn-owl","Tytonidae (Barn-owls)","LC"
"2288","Athene brama","Spotted Owlet","Strigidae (Typical Owls)","LC"
"2287","Athene noctua","Little Owl","Strigidae (Typical Owls)","LC"
"1017041","Otus pamelae","Arabian Scops-owl","Strigidae (Typical Owls)","LC"
"1099058","Otus scops","Eurasian Scops-owl","Strigidae (Typical Owls)","LC"
"2174","Otus brucei","Pallid Scops-owl","Strigidae (Typical Owls)","LC"
"1017042","Otus socotranus","Socotra Scops-owl","Strigidae (Typical Owls)","LC"
"2318","Asio otus","Northern Long-eared Owl","Strigidae (Typical Owls)","LC"
"2322","Asio flammeus","Short-eared Owl","Strigidae (Typical Owls)","LC"
"1016489","Strix aluco","Tawny Owl","Strigidae (Typical Owls)","LC"
"2241","Strix hadorami","Desert Tawny Owl","Strigidae (Typical Owls)","LC"
"1017092","Strix butleri","Omani Owl","Strigidae (Typical Owls)","DD"
"2215","Bubo bubo","Eurasian Eagle-owl","Strigidae (Typical Owls)","LC"
"2217","Bubo ascalaphus","Pharaoh Eagle-owl","Strigidae (Typical Owls)","LC"
"1017021","Bubo africanus","Spotted Eagle-owl","Strigidae (Typical Owls)","LC"
"2230","Ketupa zeylonensis","Brown Fish-owl","Strigidae (Typical Owls)","LC"
"3324","Pandion haliaetus","Osprey","Pandionidae (Osprey)","LC"
"3342","Elanus caeruleus","Black-winged Kite","Accipitridae (Hawks, Eagles)","LC"
"3334","Pernis apivorus","European Honey-buzzard","Accipitridae (Hawks, Eagles)","LC"
"3335","Pernis ptilorhynchus","Oriental Honey-buzzard","Accipitridae (Hawks, Eagles)","LC"
"3370","Gypaetus barbatus","Bearded Vulture","Accipitridae (Hawks, Eagles)","NT"
"3371","Neophron percnopterus","Egyptian Vulture","Accipitridae (Hawks, Eagles)","EN"
"3389","Terathopius ecaudatus","Bateleur","Accipitridae (Hawks, Eagles)","EN"
"32257","Circaetus gallicus","Short-toed Snake-eagle","Accipitridae (Hawks, Eagles)","LC"
"3374","Gyps bengalensis","White-rumped Vulture","Accipitridae (Hawks, Eagles)","CR"
"3378","Gyps fulvus","Griffon Vulture","Accipitridae (Hawks, Eagles)","LC"
"3380","Aegypius monachus","Cinereous Vulture","Accipitridae (Hawks, Eagles)","NT"
"3381","Torgos tracheliotos","Lappet-faced Vulture","Accipitridae (Hawks, Eagles)","EN"
"3530","Clanga pomarina","Lesser Spotted Eagle","Accipitridae (Hawks, Eagles)","LC"
"3531","Clanga clanga","Greater Spotted Eagle","Accipitridae (Hawks, Eagles)","VU"
"3532","Aquila rapax","Tawny Eagle","Accipitridae (Hawks, Eagles)","VU"
"3533","Aquila nipalensis","Steppe Eagle","Accipitridae (Hawks, Eagles)","EN"
"3535","Aquila heliaca","Eastern Imperial Eagle","Accipitridae (Hawks, Eagles)","VU"
"3537","Aquila chrysaetos","Golden Eagle","Accipitridae (Hawks, Eagles)","LC"
"3539","Aquila verreauxii","Verreaux's Eagle","Accipitridae (Hawks, Eagles)","LC"
"3541","Aquila fasciata","Bonelli's Eagle","Accipitridae (Hawks, Eagles)","LC"
"3543","Hieraaetus pennatus","Booted Eagle","Accipitridae (Hawks, Eagles)","LC"
"3415","Melierax metabates","Dark Chanting-goshawk","Accipitridae (Hawks, Eagles)","LC"
"3418","Micronisus gabar","Gabar Goshawk","Accipitridae (Hawks, Eagles)","LC"
"3399","Circus aeruginosus","Western Marsh-harrier","Accipitridae (Hawks, Eagles)","LC"
"1016807","Circus cyaneus","Hen Harrier","Accipitridae (Hawks, Eagles)","LC"
"3409","Circus macrourus","Pallid Harrier","Accipitridae (Hawks, Eagles)","NT"
"3411","Circus pygargus","Montagu's Harrier","Accipitridae (Hawks, Eagles)","LC"
"3425","Accipiter badius","Shikra","Accipitridae (Hawks, Eagles)","LC"
"3427","Accipiter brevipes","Levant Sparrowhawk","Accipitridae (Hawks, Eagles)","LC"
"3455","Accipiter nisus","Eurasian Sparrowhawk","Accipitridae (Hawks, Eagles)","LC"
"3466","Accipiter gentilis","Northern Goshawk","Accipitridae (Hawks, Eagles)","LC"
"3363","Haliaeetus leucoryphus","Pallas's Fish-eagle","Accipitridae (Hawks, Eagles)","EN"
"3364","Haliaeetus albicilla","White-tailed Sea-eagle","Accipitridae (Hawks, Eagles)","LC"
"3353","Milvus milvus","Red Kite","Accipitridae (Hawks, Eagles)","LC"
"1101861","Milvus migrans","Black Kite","Accipitridae (Hawks, Eagles)","LC"
"32412","Milvus aegyptius","Yellow-billed Kite","Accipitridae (Hawks, Eagles)","LC"
"3473","Butastur teesa","White-eyed Buzzard","Accipitridae (Hawks, Eagles)","LC"
"3521","Buteo lagopus","Rough-legged Buzzard","Accipitridae (Hawks, Eagles)","LC"
"1017018","Buteo buteo","Eurasian Buzzard","Accipitridae (Hawks, Eagles)","LC"
"32719","Buteo rufinus","Long-legged Buzzard","Accipitridae (Hawks, Eagles)","LC"
"31631","Buteo socotraensis","Socotra Buzzard","Accipitridae (Hawks, Eagles)","VU"
"941","Lophoceros nasutus","African Grey Hornbill","Bucerotidae (Hornbills)","LC"
"984","Upupa epops","Common Hoopoe","Upupidae (Hoopoes)","LC"
"1173","Merops albicollis","White-throated Bee-eater","Meropidae (Bee-eaters)","LC"
"1016529","Merops cyanophrys","Arabian Green Bee-eater","Meropidae (Bee-eaters)","LC"
"1016526","Merops orientalis","Asian Green Bee-eater","Meropidae (Bee-eaters)","LC"
"1177","Merops persicus","Blue-cheeked Bee-eater","Meropidae (Bee-eaters)","LC"
"1181","Merops apiaster","European Bee-eater","Meropidae (Bee-eaters)","LC"
"1016540","Coracias benghalensis","Indian Roller","Coraciidae (Rollers)","LC"
"1034","Coracias abyssinicus","Abyssinian Roller","Coraciidae (Rollers)","LC"
"1033","Coracias garrulus","European Roller","Coraciidae (Rollers)","LC"
"1017009","Corythornis cristatus","Malachite Kingfisher","Alcedinidae (Kingfishers)","LC"
"1066","Alcedo atthis","Common Kingfisher","Alcedinidae (Kingfishers)","LC"
"1155","Ceryle rudis","Pied Kingfisher","Alcedinidae (Kingfishers)","LC"
"1016514","Halcyon smyrnensis","White-breasted Kingfisher","Alcedinidae (Kingfishers)","LC"
"1105","Halcyon leucocephala","Grey-headed Kingfisher","Alcedinidae (Kingfishers)","LC"
"1123","Todiramphus chloris","Collared Kingfisher","Alcedinidae (Kingfishers)","LC"
"538","Jynx torquilla","Eurasian Wryneck","Picidae (Woodpeckers)","LC"
"112656","Picus viridis","Eurasian Green Woodpecker","Picidae (Woodpeckers)","LC"
"708","Dryocopus martius","Black Woodpecker","Picidae (Woodpeckers)","LC"
"637","Dendropicos dorae","Arabian Woodpecker","Picidae (Woodpeckers)","NT"
"641","Leiopicus medius","Middle Spotted Woodpecker","Picidae (Woodpeckers)","LC"
"632","Dryobates minor","Lesser Spotted Woodpecker","Picidae (Woodpeckers)","LC"
"646","Dendrocopos assimilis","Sind Woodpecker","Picidae (Woodpeckers)","LC"
"644","Dendrocopos syriacus","Syrian Woodpecker","Picidae (Woodpeckers)","LC"
"643","Dendrocopos major","Great Spotted Woodpecker","Picidae (Woodpeckers)","LC"
"3589","Falco naumanni","Lesser Kestrel","Falconidae (Falcons, Caracaras)","LC"
"3590","Falco tinnunculus","Common Kestrel","Falconidae (Falcons, Caracaras)","LC"
"3603","Falco vespertinus","Red-footed Falcon","Falconidae (Falcons, Caracaras)","NT"
"3604","Falco amurensis","Amur Falcon","Falconidae (Falcons, Caracaras)","LC"
"3605","Falco eleonorae","Eleonora's Falcon","Falconidae (Falcons, Caracaras)","LC"
"3606","Falco concolor","Sooty Falcon","Falconidae (Falcons, Caracaras)","VU"
"3608","Falco columbarius","Merlin","Falconidae (Falcons, Caracaras)","LC"
"3610","Falco subbuteo","Eurasian Hobby","Falconidae (Falcons, Caracaras)","LC"
"3617","Falco biarmicus","Lanner Falcon","Falconidae (Falcons, Caracaras)","LC"
"3619","Falco cherrug","Saker Falcon","Falconidae (Falcons, Caracaras)","EN"
"1016472","Falco peregrinus","Peregrine Falcon","Falconidae (Falcons, Caracaras)","LC"
"1017499","Oriolus oriolus","Eurasian Golden Oriole","Oriolidae (Orioles and figbirds)","LC"
"6161","Tchagra senegalus","Black-crowned Tchagra","Malaconotidae (Helmetshrikes, bushshrikes and puffbacks)","LC"
"6066","Terpsiphone viridis","African Paradise-flycatcher","Monarchidae (Monarchs)","LC"
"5526","Lanius collurio","Red-backed Shrike","Laniidae (Shrikes)","LC"
"1017642","Lanius phoenicuroides","Red-tailed Shrike","Laniidae (Shrikes)","LC"
"1017641","Lanius isabellinus","Isabelline Shrike","Laniidae (Shrikes)","LC"
"5532","Lanius vittatus","Bay-backed Shrike","Laniidae (Shrikes)","LC"
"5533","Lanius schach","Long-tailed Shrike","Laniidae (Shrikes)","LC"
"5536","Lanius minor","Lesser Grey Shrike","Laniidae (Shrikes)","LC"
"1017645","Lanius excubitor","Great Grey Shrike","Laniidae (Shrikes)","LC"
"5548","Lanius senator","Woodchat Shrike","Laniidae (Shrikes)","LC"
"5549","Lanius nubicus","Masked Shrike","Laniidae (Shrikes)","LC"
"5755","Pyrrhocorax pyrrhocorax","Red-billed Chough","Corvidae (Crows and jays)","LC"
"5756","Pyrrhocorax graculus","Yellow-billed Chough","Corvidae (Crows and jays)","LC"
"1017653","Garrulus glandarius","Eurasian Jay","Corvidae (Crows and jays)","LC"
"5751","Podoces pleskei","Iranian Ground-jay","Corvidae (Crows and jays)","LC"
"1017656","Pica pica","Eurasian Magpie","Corvidae (Crows and jays)","LC"
"1017658","Pica asirensis","Asir Magpie","Corvidae (Crows and jays)","EN"
"5758","Corvus monedula","Eurasian Jackdaw","Corvidae (Crows and jays)","LC"
"5773","Corvus frugilegus","Rook","Corvidae (Crows and jays)","LC"
"5797","Corvus corax","Common Raven","Corvidae (Crows and jays)","LC"
"5796","Corvus ruficollis","Brown-necked Raven","Corvidae (Crows and jays)","LC"
"5798","Corvus rhipidurus","Fan-tailed Raven","Corvidae (Crows and jays)","LC"
"5783","Corvus corone","Carrion Crow","Corvidae (Crows and jays)","LC"
"5760","Corvus splendens","House Crow","Corvidae (Crows and jays)","LC"
"32610","Periparus ater","Coal Tit","Paridae (Tits and chickadees)","LC"
"1017712","Poecile lugubris","Sombre Tit","Paridae (Tits and chickadees)","LC"
"1017713","Poecile hyrcanus","Caspian Tit","Paridae (Tits and chickadees)","LC"
"1017718","Cyanistes caeruleus","Eurasian Blue Tit","Paridae (Tits and chickadees)","LC"
"32615","Parus major","Great Tit","Paridae (Tits and chickadees)","LC"
"1099030","Remiz pendulinus","Eurasian Penduline-tit","Remizidae (Penduline-tits)","LC"
"7004","Remiz coronatus","White-crowned Penduline-tit","Remizidae (Penduline-tits)","LC"
"8142","Alaemon alaudipes","Greater Hoopoe-lark","Alaudidae (Larks)","LC"
"8144","Ramphocoris clotbey","Thick-billed Lark","Alaudidae (Larks)","LC"
"8138","Ammomanes cinctura","Bar-tailed Lark","Alaudidae (Larks)","LC"
"8140","Ammomanes deserti","Desert Lark","Alaudidae (Larks)","LC"
"8136","Eremopterix nigriceps","Black-crowned Sparrow-lark","Alaudidae (Larks)","LC"
"1017741","Mirafra javanica","Horsfield's Bushlark","Alaudidae (Larks)","LC"
"1017743","Eremalauda eremodites","Arabian Lark","Alaudidae (Larks)","LC"
"1018375","Alaudala rufescens","Lesser Short-toed Lark","Alaudidae (Larks)","LC"
"8158","Alaudala raytal","Sand Lark","Alaudidae (Larks)","LC"
"8146","Melanocorypha bimaculata","Bimaculated Lark","Alaudidae (Larks)","LC"
"8145","Melanocorypha calandra","Calandra Lark","Alaudidae (Larks)","LC"
"8150","Melanocorypha yeltoniensis","Black Lark","Alaudidae (Larks)","LC"
"8155","Calandrella acutirostris","Hume's Lark","Alaudidae (Larks)","LC"
"1017744","Calandrella eremica","Rufous-capped Lark","Alaudidae (Larks)","LC"
"1017747","Calandrella brachydactyla","Greater Short-toed Lark","Alaudidae (Larks)","LC"
"8182","Eremophila bilopha","Temminck's Lark","Alaudidae (Larks)","LC"
"8181","Eremophila alpestris","Horned Lark","Alaudidae (Larks)","LC"
"8176","Lullula arborea","Woodlark","Alaudidae (Larks)","LC"
"8149","Alauda leucoptera","White-winged Lark","Alaudidae (Larks)","LC"
"1017239","Alauda arvensis","Eurasian Skylark","Alaudidae (Larks)","LC"
"8179","Alauda gulgula","Oriental Skylark","Alaudidae (Larks)","LC"
"8169","Galerida cristata","Crested Lark","Alaudidae (Larks)","LC"
"8044","Panurus biarmicus","Bearded Reedling","Panuridae (Bearded Reedling)","LC"
"30051","Incana incana","Socotra Warbler","Cisticolidae (Cisticolas and allies)","LC"
"7352","Cisticola juncidis","Zitting Cisticola","Cisticolidae (Cisticolas and allies)","LC"
"7353","Cisticola haesitatus","Socotra Cisticola","Cisticolidae (Cisticolas and allies)","NT"
"7372","Prinia gracilis","Graceful Prinia","Cisticolidae (Cisticolas and allies)","LC"
"7630","Iduna caligata","Booted Warbler","Acrocephalidae (Reed-warblers)","LC"
"7631","Iduna rama","Sykes's Warbler","Acrocephalidae (Reed-warblers)","LC"
"32372","Iduna pallida","Olivaceous Warbler","Acrocephalidae (Reed-warblers)","LC"
"7633","Hippolais languida","Upcher's Warbler","Acrocephalidae (Reed-warblers)","LC"
"7634","Hippolais olivetorum","Olive-tree Warbler","Acrocephalidae (Reed-warblers)","LC"
"7636","Hippolais icterina","Icterine Warbler","Acrocephalidae (Reed-warblers)","LC"
"7596","Acrocephalus melanopogon","Moustached Warbler","Acrocephalidae (Reed-warblers)","LC"
"7598","Acrocephalus schoenobaenus","Sedge Warbler","Acrocephalidae (Reed-warblers)","LC"
"7605","Acrocephalus dumetorum","Blyth's Reed-warbler","Acrocephalidae (Reed-warblers)","LC"
"7606","Acrocephalus palustris","Marsh Warbler","Acrocephalidae (Reed-warblers)","LC"
"7603","Acrocephalus scirpaceus","Common Reed-warbler","Acrocephalidae (Reed-warblers)","LC"
"7601","Acrocephalus agricola","Paddyfield Warbler","Acrocephalidae (Reed-warblers)","LC"
"7609","Acrocephalus griseldis","Basra Reed-warbler","Acrocephalidae (Reed-warblers)","EN"
"1018385","Acrocephalus arundinaceus","Great Reed-warbler","Acrocephalidae (Reed-warblers)","LC"
"7608","Acrocephalus stentoreus","Clamorous Reed-warbler","Acrocephalidae (Reed-warblers)","LC"
"7594","Locustella luscinioides","Savi's Warbler","Locustellidae (Grasshopper-warblers and grassbirds)","LC"
"7593","Locustella fluviatilis","River Warbler","Locustellidae (Grasshopper-warblers and grassbirds)","LC"
"7589","Locustella naevia","Common Grasshopper-warbler","Locustellidae (Grasshopper-warblers and grassbirds)","LC"
"1017973","Delichon urbicum","Northern House Martin","Hirundinidae (Swallows and martins)","LC"
"1017983","Cecropis daurica","Red-rumped Swallow","Hirundinidae (Swallows and martins)","LC"
"7124","Hirundo smithii","Wire-tailed Swallow","Hirundinidae (Swallows and martins)","LC"
"7116","Hirundo rustica","Barn Swallow","Hirundinidae (Swallows and martins)","LC"
"7112","Ptyonoprogne rupestris","Eurasian Crag Martin","Hirundinidae (Swallows and martins)","LC"
"7113","Ptyonoprogne obsoleta","Pale Rock Martin","Hirundinidae (Swallows and martins)","LC"
"1018013","Riparia riparia","Collared Sand Martin","Hirundinidae (Swallows and martins)","LC"
"7194","Pycnonotus leucotis","White-eared Bulbul","Pycnonotidae (Bulbuls)","LC"
"7193","Pycnonotus xanthopygos","White-spectacled Bulbul","Pycnonotidae (Bulbuls)","LC"
"30243","Phylloscopus orientalis","Eastern Bonelli's Warbler","Phylloscopidae (Leaf-warblers)","LC"
"7706","Phylloscopus sibilatrix","Wood Warbler","Phylloscopidae (Leaf-warblers)","LC"
"7719","Phylloscopus inornatus","Yellow-browed Warbler","Phylloscopidae (Leaf-warblers)","LC"
"30245","Phylloscopus humei","Hume's Leaf-warbler","Phylloscopidae (Leaf-warblers)","LC"
"7701","Phylloscopus trochilus","Willow Warbler","Phylloscopidae (Leaf-warblers)","LC"
"1018137","Phylloscopus collybita","Common Chiffchaff","Phylloscopidae (Leaf-warblers)","LC"
"1018138","Phylloscopus tristis","Siberian Chiffchaff","Phylloscopidae (Leaf-warblers)","LC"
"30128","Phylloscopus sindianus","Mountain Chiffchaff","Phylloscopidae (Leaf-warblers)","LC"
"7704","Phylloscopus neglectus","Plain Leaf-warbler","Phylloscopidae (Leaf-warblers)","LC"
"7700","Phylloscopus umbrovirens","Brown Woodland-warbler","Phylloscopidae (Leaf-warblers)","LC"
"31356","Phylloscopus nitidus","Green Warbler","Phylloscopidae (Leaf-warblers)","LC"
"1018141","Phylloscopus trochiloides","Greenish Warbler","Phylloscopidae (Leaf-warblers)","LC"
"7362","Scotocerca inquieta","Streaked Scrub-warbler","Scotocercidae (Bush-warblers)","LC"
"7554","Cettia cetti","Cetti's Warbler","Scotocercidae (Bush-warblers)","LC"
"1018215","Aegithalos caudatus","Long-tailed Tit","Aegithalidae (Long-tailed Tits)","LC"
"8073","Sylvia atricapilla","Eurasian Blackcap","Sylviidae (Old World warblers)","LC"
"8074","Sylvia borin","Garden Warbler","Sylviidae (Old World warblers)","LC"
"1018230","Sylvia nana","Asian Desert Warbler","Sylviidae (Old World warblers)","LC"
"8080","Sylvia nisoria","Barred Warbler","Sylviidae (Old World warblers)","LC"
"8082","Sylvia leucomelaena","Arabian Warbler","Sylviidae (Old World warblers)","LC"
"32382","Sylvia crassirostris","Eastern Orphean Warbler","Sylviidae (Old World warblers)","LC"
"8068","Sylvia buryi","Yemen Warbler","Sylviidae (Old World warblers)","NT"
"32426","Sylvia curruca","Lesser Whitethroat","Sylviidae (Old World warblers)","LC"
"8087","Sylvia mystacea","Menetries's Warbler","Sylviidae (Old World warblers)","LC"
"8085","Sylvia melanothorax","Cyprus Warbler","Sylviidae (Old World warblers)","LC"
"8084","Sylvia melanocephala","Sardinian Warbler","Sylviidae (Old World warblers)","LC"
"1018231","Sylvia cantillans","Subalpine Warbler","Sylviidae (Old World warblers)","LC"
"8083","Sylvia ruppeli","Rüppell's Warbler","Sylviidae (Old World warblers)","LC"
"8075","Sylvia communis","Common Whitethroat","Sylviidae (Old World warblers)","LC"
"8088","Sylvia conspicillata","Spectacled Warbler","Sylviidae (Old World warblers)","LC"
"1018308","Zosterops abyssinicus","Abyssinian White-eye","Zosteropidae (White-eyes)","LC"
"1099031","Zosterops palpebrosus","Indian White-eye","Zosteropidae (White-eyes)","LC"
"7948","Argya caudata","Common Babbler","Leiotrichidae (Laughingthrushes and allies)","LC"
"7947","Argya altirostris","Iraq Babbler","Leiotrichidae (Laughingthrushes and allies)","LC"
"7953","Argya squamiceps","Arabian Babbler","Leiotrichidae (Laughingthrushes and allies)","LC"
"32439","Certhia familiaris","Eurasian Treecreeper","Certhiidae (Treecreepers)","LC"
"1018262","Sitta europaea","Eurasian Nuthatch","Sittidae (Nuthatches and Wallcreeper)","LC"
"6896","Sitta neumayer","Western Rock Nuthatch","Sittidae (Nuthatches and Wallcreeper)","LC"
"6897","Sitta tephronota","Eastern Rock Nuthatch","Sittidae (Nuthatches and Wallcreeper)","LC"
"6904","Tichodroma muraria","Wallcreeper","Sittidae (Nuthatches and Wallcreeper)","LC"
"1018282","Troglodytes troglodytes","Northern Wren","Troglodytidae (Wrens)","LC"
"6273","Cinclus cinclus","White-throated Dipper","Cinclidae (Dippers)","LC"
"6815","Sturnus vulgaris","Common Starling","Sturnidae (Starlings)","LC"
"6803","Creatophora cinerea","Wattled Starling","Sturnidae (Starlings)","LC"
"6814","Pastor roseus","Rosy Starling","Sturnidae (Starlings)","LC"
"6823","Acridotheres tristis","Common Myna","Sturnidae (Starlings)","LC"
"6762","Onychognathus tristramii","Tristram's Starling","Sturnidae (Starlings)","LC"
"6765","Onychognathus frater","Socotra Starling","Sturnidae (Starlings)","LC"
"6764","Onychognathus blythii","Somali Starling","Sturnidae (Starlings)","LC"
"6793","Cinnyricinclus leucogaster","Violet-backed Starling","Sturnidae (Starlings)","LC"
"6409","Turdus viscivorus","Mistle Thrush","Turdidae (Thrushes)","LC"
"6407","Turdus philomelos","Song Thrush","Turdidae (Thrushes)","LC"
"6406","Turdus iliacus","Redwing","Turdidae (Thrushes)","NT"
"1018298","Turdus merula","Eurasian Blackbird","Turdidae (Thrushes)","LC"
"6385","Turdus menachensis","Yemen Thrush","Turdidae (Thrushes)","NT"
"6405","Turdus pilaris","Fieldfare","Turdidae (Thrushes)","LC"
"6392","Turdus torquatus","Ring Ouzel","Turdidae (Thrushes)","LC"
"32638","Turdus atrogularis","Black-throated Thrush","Turdidae (Thrushes)","LC"
"6633","Cercotrichas galactotes","Rufous-tailed Scrub-robin","Muscicapidae (Chats and Old World flycatchers)","LC"
"6636","Cercotrichas podobe","Black Scrub-robin","Muscicapidae (Chats and Old World flycatchers)","LC"
"6487","Muscicapa gambagae","Gambaga Flycatcher","Muscicapidae (Chats and Old World flycatchers)","LC"
"6486","Muscicapa striata","Spotted Flycatcher","Muscicapidae (Chats and Old World flycatchers)","LC"
"6588","Erithacus rubecula","European Robin","Muscicapidae (Chats and Old World flycatchers)","LC"
"6607","Irania gutturalis","White-throated Robin","Muscicapidae (Chats and Old World flycatchers)","LC"
"6596","Cyanecula svecica","Bluethroat","Muscicapidae (Chats and Old World flycatchers)","LC"
"6592","Luscinia luscinia","Thrush Nightingale","Muscicapidae (Chats and Old World flycatchers)","LC"
"6593","Luscinia megarhynchos","Common Nightingale","Muscicapidae (Chats and Old World flycatchers)","LC"
"32599","Ficedula parva","Red-breasted Flycatcher","Muscicapidae (Chats and Old World flycatchers)","LC"
"6514","Ficedula semitorquata","Semi-collared Flycatcher","Muscicapidae (Chats and Old World flycatchers)","LC"
"6512","Ficedula hypoleuca","European Pied Flycatcher","Muscicapidae (Chats and Old World flycatchers)","LC"
"6513","Ficedula albicollis","Collared Flycatcher","Muscicapidae (Chats and Old World flycatchers)","LC"
"6649","Phoenicurus erythronotus","Eversmann's Redstart","Muscicapidae (Chats and Old World flycatchers)","LC"
"6651","Phoenicurus ochruros","Black Redstart","Muscicapidae (Chats and Old World flycatchers)","LC"
"6652","Phoenicurus phoenicurus","Common Redstart","Muscicapidae (Chats and Old World flycatchers)","LC"
"6657","Phoenicurus erythrogastrus","White-winged Redstart","Muscicapidae (Chats and Old World flycatchers)","LC"
"6290","Monticola saxatilis","Rufous-tailed Rock-thrush","Muscicapidae (Chats and Old World flycatchers)","LC"
"6295","Monticola solitarius","Blue Rock-thrush","Muscicapidae (Chats and Old World flycatchers)","LC"
"6291","Monticola rufocinereus","Little Rock-thrush","Muscicapidae (Chats and Old World flycatchers)","LC"
"6678","Saxicola rubetra","Whinchat","Muscicapidae (Chats and Old World flycatchers)","LC"
"6685","Saxicola caprata","Pied Bushchat","Muscicapidae (Chats and Old World flycatchers)","LC"
"6682","Saxicola torquatus","Common Stonechat","Muscicapidae (Chats and Old World flycatchers)","LC"
"1017787","Oenanthe oenanthe","Northern Wheatear","Muscicapidae (Chats and Old World flycatchers)","LC"
"1017792","Oenanthe bottae","Buff-breasted Wheatear","Muscicapidae (Chats and Old World flycatchers)","LC"
"6709","Oenanthe isabellina","Isabelline Wheatear","Muscicapidae (Chats and Old World flycatchers)","LC"
"6691","Oenanthe monacha","Hooded Wheatear","Muscicapidae (Chats and Old World flycatchers)","LC"
"6707","Oenanthe deserti","Desert Wheatear","Muscicapidae (Chats and Old World flycatchers)","LC"
"6703","Oenanthe hispanica","Black-eared Wheatear","Muscicapidae (Chats and Old World flycatchers)","LC"
"6705","Oenanthe cypriaca","Cyprus Wheatear","Muscicapidae (Chats and Old World flycatchers)","LC"
"6704","Oenanthe pleschanka","Pied Wheatear","Muscicapidae (Chats and Old World flycatchers)","LC"
"6702","Oenanthe moesta","Buff-rumped Wheatear","Muscicapidae (Chats and Old World flycatchers)","LC"
"6719","Oenanthe melanura","Blackstart","Muscicapidae (Chats and Old World flycatchers)","LC"
"6701","Oenanthe picata","Variable Wheatear","Muscicapidae (Chats and Old World flycatchers)","LC"
"6690","Oenanthe leucopyga","White-crowned Wheatear","Muscicapidae (Chats and Old World flycatchers)","LC"
"6692","Oenanthe albonigra","Hume's Wheatear","Muscicapidae (Chats and Old World flycatchers)","LC"
"6700","Oenanthe finschii","Finsch's Wheatear","Muscicapidae (Chats and Old World flycatchers)","LC"
"1018400","Oenanthe lugens","Mourning Wheatear","Muscicapidae (Chats and Old World flycatchers)","LC"
"32384","Oenanthe chrysopygia","Red-tailed Wheatear","Muscicapidae (Chats and Old World flycatchers)","LC"
"32475","Oenanthe xanthoprymna","Kurdish Wheatear","Muscicapidae (Chats and Old World flycatchers)","LC"
"32427","Regulus regulus","Goldcrest","Regulidae (Kinglets and firecrests)","LC"
"7310","Hypocolius ampelinus","Hypocolius","Hypocoliidae (Hypocolius)","LC"
"6270","Bombycilla garrulus","Bohemian Waxwing","Bombycillidae (Waxwings)","LC"
"8247","Hedydipna metallica","Nile Valley Sunbird","Nectariniidae (Sunbirds)","LC"
"8263","Chalcomitra balfouri","Socotra Sunbird","Nectariniidae (Sunbirds)","LC"
"8288","Cinnyris osea","Palestine Sunbird","Nectariniidae (Sunbirds)","LC"
"1017938","Cinnyris hellmayri","Arabian Sunbird","Nectariniidae (Sunbirds)","LC"
"8289","Cinnyris asiaticus","Purple Sunbird","Nectariniidae (Sunbirds)","LC"
"8467","Prunella collaris","Alpine Accentor","Prunellidae (Accentors)","LC"
"8477","Prunella modularis","Dunnock","Prunellidae (Accentors)","LC"
"8475","Prunella atrogularis","Black-throated Accentor","Prunellidae (Accentors)","LC"
"1018398","Prunella ocularis","Radde's Accentor","Prunellidae (Accentors)","LC"
"8517","Ploceus galbula","Rüppell's Weaver","Ploceidae (Weavers and allies)","LC"
"8654","Estrilda rufibarba","Arabian Waxbill","Estrildidae (Waxbills, grass finches, munias and allies)","LC"
"8665","Amandava subflava","Zebra Waxbill","Estrildidae (Waxbills, grass finches, munias and allies)","LC"
"8697","Euodice cantans","African Silverbill","Estrildidae (Waxbills, grass finches, munias and allies)","LC"
"8698","Euodice malabarica","Indian Silverbill","Estrildidae (Waxbills, grass finches, munias and allies)","LC"
"8366","Passer ammodendri","Saxaul Sparrow","Passeridae (Sparrows, snowfinches and allies)","LC"
"1018036","Passer domesticus","House Sparrow","Passeridae (Sparrows, snowfinches and allies)","LC"
"8368","Passer hispaniolensis","Spanish Sparrow","Passeridae (Sparrows, snowfinches and allies)","LC"
"8369","Passer pyrrhonotus","Sind Sparrow","Passeridae (Sparrows, snowfinches and allies)","LC"
"8373","Passer moabiticus","Dead Sea Sparrow","Passeridae (Sparrows, snowfinches and allies)","LC"
"32617","Passer insularis","Socotra Sparrow","Passeridae (Sparrows, snowfinches and allies)","LC"
"32537","Passer hemileucus","Abd al Kuri Sparrow","Passeridae (Sparrows, snowfinches and allies)","VU"
"32622","Passer zarudnyi","Zarudny's Sparrow","Passeridae (Sparrows, snowfinches and allies)","LC"
"8385","Passer montanus","Eurasian Tree Sparrow","Passeridae (Sparrows, snowfinches and allies)","LC"
"8387","Passer euchlorus","Arabian Golden Sparrow","Passeridae (Sparrows, snowfinches and allies)","LC"
"8394","Carpospiza brachydactyla","Pale Sparrow","Passeridae (Sparrows, snowfinches and allies)","LC"
"8393","Petronia petronia","Rock Sparrow","Passeridae (Sparrows, snowfinches and allies)","LC"
"8392","Gymnoris dentata","Sahel Bush-sparrow","Passeridae (Sparrows, snowfinches and allies)","LC"
"8390","Gymnoris xanthocollis","Chestnut-shouldered Bush-sparrow","Passeridae (Sparrows, snowfinches and allies)","LC"
"1018044","Montifringilla nivalis","White-winged Snowfinch","Passeridae (Sparrows, snowfinches and allies)","LC"
"8446","Anthus trivialis","Tree Pipit","Motacillidae (Wagtails and pipits)","LC"
"8447","Anthus hodgsoni","Olive-backed Pipit","Motacillidae (Wagtails and pipits)","LC"
"8450","Anthus cervinus","Red-throated Pipit","Motacillidae (Wagtails and pipits)","LC"
"8454","Anthus rubescens","Buff-bellied Pipit","Motacillidae (Wagtails and pipits)","LC"
"8449","Anthus pratensis","Meadow Pipit","Motacillidae (Wagtails and pipits)","NT"
"8453","Anthus spinoletta","Water Pipit","Motacillidae (Wagtails and pipits)","LC"
"1018054","Anthus richardi","Richard's Pipit","Motacillidae (Wagtails and pipits)","LC"
"8437","Anthus godlewskii","Blyth's Pipit","Motacillidae (Wagtails and pipits)","LC"
"8436","Anthus campestris","Tawny Pipit","Motacillidae (Wagtails and pipits)","LC"
"1018058","Anthus cinnamomeus","African Pipit","Motacillidae (Wagtails and pipits)","LC"
"1018057","Anthus similis","Long-billed Pipit","Motacillidae (Wagtails and pipits)","LC"
"1018059","Motacilla flava","Western Yellow Wagtail","Motacillidae (Wagtails and pipits)","LC"
"8412","Motacilla cinerea","Grey Wagtail","Motacillidae (Wagtails and pipits)","LC"
"8410","Motacilla citreola","Citrine Wagtail","Motacillidae (Wagtails and pipits)","LC"
"8403","Motacilla alba","White Wagtail","Motacillidae (Wagtails and pipits)","LC"
"8755","Fringilla coelebs","Common Chaffinch","Fringillidae (Finches and Hawaiian honeycreepers)","LC"
"8757","Fringilla montifringilla","Brambling","Fringillidae (Finches and Hawaiian honeycreepers)","LC"
"8893","Mycerobas carnipes","White-winged Grosbeak","Fringillidae (Finches and Hawaiian honeycreepers)","LC"
"8887","Coccothraustes coccothraustes","Hawfinch","Fringillidae (Finches and Hawaiian honeycreepers)","LC"
"8854","Carpodacus erythrinus","Common Rosefinch","Fringillidae (Finches and Hawaiian honeycreepers)","LC"
"1018112","Carpodacus synoicus","Sinai Rosefinch","Fringillidae (Finches and Hawaiian honeycreepers)","LC"
"8885","Pyrrhula pyrrhula","Eurasian Bullfinch","Fringillidae (Finches and Hawaiian honeycreepers)","LC"
"112652","Rhodopechys sanguineus","Eurasian Crimson-winged Finch","Fringillidae (Finches and Hawaiian honeycreepers)","LC"
"8847","Bucanetes githagineus","Trumpeter Finch","Fringillidae (Finches and Hawaiian honeycreepers)","LC"
"8848","Bucanetes mongolicus","Mongolian Finch","Fringillidae (Finches and Hawaiian honeycreepers)","LC"
"8849","Rhodospiza obsoleta","Desert Finch","Fringillidae (Finches and Hawaiian honeycreepers)","LC"
"32474","Rhynchostruthus socotranus","Socotra Grosbeak","Fringillidae (Finches and Hawaiian honeycreepers)","LC"
"32376","Rhynchostruthus percivali","Arabian Grosbeak","Fringillidae (Finches and Hawaiian honeycreepers)","NT"
"8808","Chloris chloris","European Greenfinch","Fringillidae (Finches and Hawaiian honeycreepers)","LC"
"8773","Crithagra rothschildi","Arabian Serin","Fringillidae (Finches and Hawaiian honeycreepers)","LC"
"8792","Crithagra menachensis","Yemen Serin","Fringillidae (Finches and Hawaiian honeycreepers)","LC"
"8835","Linaria flavirostris","Twite","Fringillidae (Finches and Hawaiian honeycreepers)","LC"
"8836","Linaria cannabina","Common Linnet","Fringillidae (Finches and Hawaiian honeycreepers)","LC"
"8837","Linaria yemenensis","Yemen Linnet","Fringillidae (Finches and Hawaiian honeycreepers)","LC"
"8878","Loxia curvirostra","Red Crossbill","Fringillidae (Finches and Hawaiian honeycreepers)","LC"
"1017737","Carduelis carduelis","European Goldfinch","Fringillidae (Finches and Hawaiian honeycreepers)","LC"
"1017738","Carduelis caniceps","Eastern Goldfinch","Fringillidae (Finches and Hawaiian honeycreepers)","LC"
"8759","Serinus serinus","European Serin","Fringillidae (Finches and Hawaiian honeycreepers)","LC"
"8760","Serinus syriacus","Syrian Serin","Fringillidae (Finches and Hawaiian honeycreepers)","VU"
"8758","Serinus pusillus","Red-fronted Serin","Fringillidae (Finches and Hawaiian honeycreepers)","LC"
"8813","Spinus spinus","Eurasian Siskin","Fringillidae (Finches and Hawaiian honeycreepers)","LC"
"8960","Emberiza melanocephala","Black-headed Bunting","Emberizidae (Buntings, American sparrows and allies)","LC"
"8961","Emberiza bruniceps","Red-headed Bunting","Emberizidae (Buntings, American sparrows and allies)","LC"
"8968","Emberiza calandra","Corn Bunting","Emberizidae (Buntings, American sparrows and allies)","LC"
"8935","Emberiza cia","Rock Bunting","Emberizidae (Buntings, American sparrows and allies)","LC"
"8939","Emberiza buchanani","Grey-necked Bunting","Emberizidae (Buntings, American sparrows and allies)","LC"
"8940","Emberiza cineracea","Cinereous Bunting","Emberizidae (Buntings, American sparrows and allies)","NT"
"8941","Emberiza hortulana","Ortolan Bunting","Emberizidae (Buntings, American sparrows and allies)","LC"
"8942","Emberiza caesia","Cretzschmar's Bunting","Emberizidae (Buntings, American sparrows and allies)","LC"
"8932","Emberiza stewarti","White-capped Bunting","Emberizidae (Buntings, American sparrows and allies)","LC"
"8930","Emberiza citrinella","Yellowhammer","Emberizidae (Buntings, American sparrows and allies)","LC"
"8931","Emberiza leucocephalos","Pine Bunting","Emberizidae (Buntings, American sparrows and allies)","LC"
"8946","Emberiza socotrana","Socotra Bunting","Emberizidae (Buntings, American sparrows and allies)","NT"
"32385","Emberiza sahari","House Bunting","Emberizidae (Buntings, American sparrows and allies)","LC"
"32429","Emberiza striolata","Striolated Bunting","Emberizidae (Buntings, American sparrows and allies)","LC"
"1017756","Emberiza tahapisi","Cinnamon-breasted Bunting","Emberizidae (Buntings, American sparrows and allies)","LC"
"8966","Emberiza schoeniclus","Reed Bunting","Emberizidae (Buntings, American sparrows and allies)","LC"
"8952","Emberiza rustica","Rustic Bunting","Emberizidae (Buntings, American sparrows and allies)","VU"
"8950","Emberiza pusilla","Little Bunting","Emberizidae (Buntings, American sparrows and allies)","LC"
